Abbe,Passman,apassman0@sfgate.com,M,Sales,1956/02/23
Barri,Leydon,bleydon1@naver.com,M,Training,1967/09/25
Alfie,Sidsaff,asidsaff2@oakley.com,M,Legal,1966/05/06
Rollins,Boulding,rboulding3@issuu.com,M,Accounting,1991/07/09
Edita,Tasseler,etasseler4@cnn.com,F,Business Development,1968/03/16
Gabriela,Seago,gseago5@smugmug.com,F,Services,1953/04/05
Bessie,Cremer,bcremer6@redcross.org,F,Services,1978/02/08
Ardisj,Pirkis,apirkis7@stumbleupon.com,F,Marketing,1960/11/27
Cecile,Desporte,cdesporte8@intel.com,F,Services,1967/10/21
Clementina,Cady,ccady9@google.it,F,Support,1996/04/05
Weider,Southward,wsouthwarda@wordpress.org,M,Support,1983/05/04
Peggie,Fonteyne,pfonteyneb@wp.com,F,Sales,1958/05/31
Tommie,Treffry,ttreffryc@cdc.gov,M,Accounting,1984/10/30
Rozalie,Gare,rgared@nytimes.com,F,Legal,1965/12/17
Palm,Cairney,pcairneye@bbc.co.uk,M,Marketing,1990/12/17
Basil,Giacomucci,bgiacomuccif@themeforest.net,M,Training,1953/02/28
Virgina,Paley,vpaleyg@noaa.gov,F,Engineering,1981/10/02
Kip,Frodsham,kfrodshamh@squarespace.com,M,Product Management,1998/06/10
Ivan,Shwalbe,ishwalbei@nsw.gov.au,M,Training,1991/10/19
Freedman,Kiddie,fkiddiej@foxnews.com,M,Sales,1991/08/16
Paulo,Troctor,ptroctork@umn.edu,M,Business Development,1987/05/12
Clim,MacCallister,cmaccallisterl@umn.edu,M,Accounting,1980/07/24
Chere,Rooke,crookem@amazon.co.uk,F,Engineering,1993/11/29
Rheba,Dwelling,rdwellingn@amazon.de,F,Legal,1994/11/04
Ella,Housegoe,ehousegoeo@ca.gov,F,Product Management,1990/10/14
Dolf,Yearne,dyearnep@theatlantic.com,M,Services,1999/10/19
Ronnie,Crowcroft,rcrowcroftq@deliciousdays.com,F,Support,1997/08/30
Guthrey,Carthy,gcarthyr@wikimedia.org,M,Sales,1975/02/07
Porter,Jewell,pjewells@aboutads.info,M,Marketing,1980/01/06
Robbie,Rudland,rrudlandt@dedecms.com,F,Human Resources,1956/10/05
Matthias,Novotni,mnovotniu@sun.com,M,Research and Development,1987/05/05
Wendy,Gravell,wgravellv@mapy.cz,F,Human Resources,1981/12/15
Corrianne,Bremen,cbremenw@patch.com,F,Sales,1987/06/07
Bev,Turmell,bturmellx@prlog.org,M,Engineering,1998/11/24
Crystie,Lodge,clodgey@123-reg.co.uk,F,Marketing,1973/02/21
Liane,Fancy,lfancyz@fastcompany.com,F,Services,1971/11/16
Louie,Hackleton,lhackleton10@histats.com,M,Sales,1952/10/17
Aldous,Vears,avears11@booking.com,M,Marketing,1991/09/11
Bret,McMillam,bmcmillam12@jiathis.com,M,Marketing,1997/02/07
Javier,Fulleylove,jfulleylove13@about.me,M,Legal,1962/09/26
Rufe,Brookfield,rbrookfield14@china.com.cn,M,Training,1972/08/03
Nicoline,Ivanishchev,nivanishchev15@devhub.com,F,Support,1982/07/11
Marlow,Opdenorth,mopdenorth16@google.pl,M,Business Development,1962/05/22
Ana,Belvard,abelvard17@wikimedia.org,F,Accounting,1972/05/09
Morna,Imlock,mimlock18@psu.edu,F,Training,1980/02/16
Tomaso,Henricsson,thenricsson19@posterous.com,M,Support,1961/05/21
Tessy,Merwede,tmerwede1a@upenn.edu,F,Engineering,1999/12/24
Katlin,McGucken,kmcgucken1b@businessweek.com,F,Legal,1955/01/05
Lock,Bourthoumieux,lbourthoumieux1c@reverbnation.com,M,Product Management,1972/03/30
Cesare,Wiburn,cwiburn1d@bloomberg.com,M,Legal,1971/01/20
Angele,Georgel,ageorgel1e@mysql.com,F,Human Resources,1977/03/20
Hagan,Salzburg,hsalzburg1f@smh.com.au,M,Human Resources,1953/10/20
Kennith,Weddell,kweddell1g@flavors.me,M,Services,1973/06/19
Vikki,Giamelli,vgiamelli1h@fotki.com,F,Human Resources,1972/05/22
Karola,Josling,kjosling1i@shareasale.com,F,Accounting,1951/02/13
Wylie,Harrisson,wharrisson1j@amazon.com,M,Human Resources,1994/01/21
Regine,Benkhe,rbenkhe1k@nature.com,F,Sales,1997/08/21
Lanie,Lipson,llipson1l@usa.gov,M,Legal,1976/05/19
Waylan,Tollerfield,wtollerfield1m@posterous.com,M,Sales,1964/10/30
Frazer,Medland,fmedland1n@chronoengine.com,M,Legal,1952/03/22
Ches,Shama,cshama1o@home.pl,M,Product Management,1978/02/14
Camey,Colbrun,ccolbrun1p@xinhuanet.com,M,Legal,1952/12/03
Casper,Bourthoumieux,cbourthoumieux1q@apple.com,M,Accounting,1952/04/17
Trey,Bruckner,tbruckner1r@who.int,M,Services,1984/02/26
Vincent,Sapp,vsapp1s@google.com.hk,M,Training,1965/10/02
Antoine,Inglefield,ainglefield1t@ucsd.edu,M,Accounting,1956/08/01
Land,Lowrie,llowrie1u@infoseek.co.jp,M,Services,1996/08/10
Caz,Pingstone,cpingstone1v@hugedomains.com,M,Business Development,1973/01/28
Carlye,Gilford,cgilford1w@princeton.edu,F,Product Management,1984/02/24
Berty,Matijevic,bmatijevic1x@dyndns.org,M,Training,1983/10/20
Aldus,Yurkevich,ayurkevich1y@desdev.cn,M,Product Management,1957/06/28
Frants,Rickell,frickell1z@sbwire.com,M,Business Development,1965/08/16
Perkin,Lawtey,plawtey20@pagesperso-orange.fr,M,Services,1966/06/17
Sigismundo,Vinck,svinck21@comcast.net,M,Training,1974/09/13
Griz,Whaites,gwhaites22@fastcompany.com,M,Business Development,1982/02/20
Paula,Eede,peede23@patch.com,F,Research and Development,1967/03/10
Jabez,Pareman,jpareman24@google.es,M,Legal,1962/08/06
Ursola,Troubridge,utroubridge25@admin.ch,F,Training,1989/01/11
Delora,Milan,dmilan26@multiply.com,F,Accounting,1979/01/22
Shermie,Colhoun,scolhoun27@arstechnica.com,M,Research and Development,1972/06/24
Vanessa,South,vsouth28@topsy.com,F,Product Management,1961/10/12
Rasia,Cudde,rcudde29@pagesperso-orange.fr,F,Services,1971/04/18
Ximenes,Casaccio,xcasaccio2a@ucla.edu,M,Accounting,1964/11/14
Mara,Kemery,mkemery2b@google.com,F,Business Development,1951/10/18
Stephani,Scarlett,sscarlett2c@webnode.com,F,Support,1979/04/07
Andrej,Cookman,acookman2d@fc2.com,M,Support,1973/07/30
Abey,Ambrosch,aambrosch2e@mediafire.com,M,Support,1988/02/27
Eugene,Dallywater,edallywater2f@cbsnews.com,M,Support,1972/02/21
Minda,Chidley,mchidley2g@ovh.net,F,Marketing,1955/06/28
Homer,Feldberger,hfeldberger2h@amazon.de,M,Training,1993/07/01
Warden,Kervin,wkervin2i@dot.gov,M,Marketing,1995/01/08
Natal,Mozzi,nmozzi2j@odnoklassniki.ru,M,Research and Development,1975/10/29
Katherina,Pietrowicz,kpietrowicz2k@huffingtonpost.com,F,Research and Development,1958/09/24
Nanine,Lukianov,nlukianov2l@ebay.co.uk,F,Human Resources,1986/02/10
Truman,Churchin,tchurchin2m@printfriendly.com,M,Accounting,1961/04/06
Hector,Fellos,hfellos2n@java.com,M,Support,1973/03/04
Gerome,Bellfield,gbellfield2o@illinois.edu,M,Training,1980/11/16
Cullen,Jauncey,cjauncey2p@house.gov,M,Product Management,1969/05/20
Dorene,Scotcher,dscotcher2q@howstuffworks.com,F,Services,1967/07/12
Evangeline,Rojel,erojel2r@google.com.hk,F,Research and Development,1974/11/27
Kevan,Lilley,klilley2s@pinterest.com,M,Human Resources,1970/11/23
Gaynor,Hugenin,ghugenin2t@qq.com,F,Engineering,1958/02/12
Kai,Hansie,khansie2u@php.net,F,Business Development,1981/11/30
Anthe,Apperley,aapperley2v@joomla.org,F,Training,1959/09/20
Hilario,Tyrrell,htyrrell2w@tamu.edu,M,Legal,1959/08/22
Padriac,Alwood,palwood2x@unesco.org,M,Human Resources,1953/04/16
Ted,Fauguel,tfauguel2y@tmall.com,F,Human Resources,1972/07/21
Clayborn,Leap,cleap2z@mac.com,M,Business Development,1973/01/08
Silvain,Bemand,sbemand30@flickr.com,M,Services,1989/08/06
Georgiana,Monelli,gmonelli31@ucla.edu,F,Product Management,1993/07/31
Carmencita,Munt,cmunt32@dagondesign.com,F,Marketing,1968/04/19
Sybyl,Dosdale,sdosdale33@tinyurl.com,F,Business Development,1969/11/11
Sheff,Godier,sgodier34@sfgate.com,M,Human Resources,1980/08/12
Arvy,Kos,akos35@booking.com,M,Services,1954/12/30
Birdie,Sarge,bsarge36@tinypic.com,F,Sales,1962/04/15
Frederica,Thirwell,fthirwell37@macromedia.com,F,Marketing,1975/02/22
Arnuad,Symcoxe,asymcoxe38@bloglovin.com,M,Support,1970/11/04
Con,Ridgway,cridgway39@columbia.edu,M,Training,1970/07/21
Chickie,Mallam,cmallam3a@state.gov,M,Legal,1959/07/28
Harper,Locock,hlocock3b@npr.org,M,Product Management,1966/04/08
Eulalie,Rattray,erattray3c@sciencedirect.com,F,Human Resources,1972/07/28
Gib,Bedboro,gbedboro3d@jimdo.com,M,Research and Development,1977/10/03
Kennan,Gelsthorpe,kgelsthorpe3e@drupal.org,M,Support,1984/02/24
Nadiya,Haker,nhaker3f@ask.com,F,Training,1968/05/27
Skyler,Fauguel,sfauguel3g@dropbox.com,M,Training,1965/09/06
Zerk,Hartus,zhartus3h@adobe.com,M,Product Management,1964/07/03
Casey,Duly,cduly3i@51.la,M,Product Management,1996/05/02
Junette,Ayre,jayre3j@nih.gov,F,Engineering,1960/01/09
Helenka,Steward,hsteward3k@gravatar.com,F,Sales,1978/09/08
Alta,Scotchford,ascotchford3l@tripod.com,F,Marketing,1986/03/19
Syman,Southernwood,ssouthernwood3m@altervista.org,M,Accounting,1995/03/16
Cale,Ennals,cennals3n@booking.com,M,Research and Development,1986/05/07
Ashby,Farragher,afarragher3o@intel.com,M,Services,1989/08/06
Pepi,Mattheissen,pmattheissen3p@digg.com,F,Support,1980/09/26
Adrianna,Cosgreave,acosgreave3q@sakura.ne.jp,F,Support,1967/10/17
Simon,Trevena,strevena3r@forbes.com,M,Human Resources,1970/09/05
Concettina,Jones,cjones3s@over-blog.com,F,Human Resources,1988/12/20
Sharai,Whitby,swhitby3t@spotify.com,F,Marketing,1955/10/19
Lora,Pestell,lpestell3u@opensource.org,F,Training,1954/10/30
Jarrid,Dykas,jdykas3v@webnode.com,M,Business Development,1972/05/15
Frederich,Binning,fbinning3w@hibu.com,M,Business Development,1973/06/08
Stanford,Sams,ssams3x@hud.gov,M,Business Development,1961/03/03
Ilaire,Albasiny,ialbasiny3y@smh.com.au,M,Marketing,1963/04/26
Rosette,Blest,rblest3z@prnewswire.com,F,Sales,1952/09/03
Viole,Richardes,vrichardes40@sphinn.com,F,Training,1980/02/06
Bernie,Edlyne,bedlyne41@tamu.edu,M,Engineering,1975/11/25
Edy,Freeburn,efreeburn42@mashable.com,F,Engineering,1989/08/02
Sidney,Francais,sfrancais43@surveymonkey.com,M,Marketing,1982/12/20
Hal,Addey,haddey44@sogou.com,M,Support,1960/08/04
Waly,Gutowski,wgutowski45@yellowbook.com,F,Product Management,1970/02/15
Charlena,Tunniclisse,ctunniclisse46@people.com.cn,F,Support,1996/10/23
Maud,Braun,mbraun47@digg.com,F,Research and Development,1980/08/09
Hugues,Stallan,hstallan48@patch.com,M,Business Development,1955/10/11
Bobbette,Thor,bthor49@time.com,F,Business Development,1958/10/18
Arlen,Farquarson,afarquarson4a@about.me,M,Business Development,1995/08/03
Rance,MacDwyer,rmacdwyer4b@ask.com,M,Sales,1974/04/02
Kimberlee,McGunley,kmcgunley4c@nbcnews.com,F,Services,1993/12/11
Yvonne,Ricket,yricket4d@flickr.com,F,Services,1991/06/24
Becca,Cottrell,bcottrell4e@gravatar.com,F,Business Development,1958/07/04
Sven,Featherstone,sfeatherstone4f@livejournal.com,M,Sales,1982/06/15
Claudine,Wolton,cwolton4g@upenn.edu,F,Legal,1960/01/12
Gav,McQuorkel,gmcquorkel4h@statcounter.com,M,Product Management,1981/11/26
Mella,Dymoke,mdymoke4i@about.me,F,Product Management,1989/02/03
Lanna,Maliffe,lmaliffe4j@ft.com,F,Training,1996/06/05
Ruthi,Quimby,rquimby4k@ovh.net,F,Engineering,1956/07/08
Gerrard,Ballentime,gballentime4l@webnode.com,M,Training,1970/04/26
Burlie,MacRierie,bmacrierie4m@stumbleupon.com,M,Marketing,1982/07/28
Arty,Tyzack,atyzack4n@cdc.gov,M,Marketing,1956/05/20
Rose,Jacmar,rjacmar4o@macromedia.com,F,Training,1968/04/04
Darcie,Burnhill,dburnhill4p@blog.com,F,Sales,1969/09/06
Kylila,Fishly,kfishly4q@nytimes.com,F,Human Resources,1951/05/24
Francklin,Rudeyeard,frudeyeard4r@tripod.com,M,Legal,1997/05/10
Frazier,Squires,fsquires4s@uiuc.edu,M,Engineering,1969/07/20
Eugenie,Brookzie,ebrookzie4t@wordpress.com,F,Training,1997/03/25
Gracia,Alibone,galibone4u@imdb.com,F,Human Resources,1981/12/13
Rufus,Canham,rcanham4v@xinhuanet.com,M,Training,1965/12/28
Ray,Probey,rprobey4w@4shared.com,M,Support,1987/09/14
Krystal,Rummer,krummer4x@statcounter.com,F,Support,1974/04/12
Meade,Sleeford,msleeford4y@issuu.com,M,Marketing,1965/10/13
Waverly,Gaul,wgaul4z@geocities.com,M,Marketing,1969/07/27
Rudolf,Faldo,rfaldo50@narod.ru,M,Support,1965/03/21
Evangelin,Hundey,ehundey51@so-net.ne.jp,F,Services,1978/08/18
Tomas,Tripp,ttripp52@photobucket.com,M,Human Resources,1951/09/11
Devlin,Cameron,dcameron53@seattletimes.com,M,Product Management,1953/02/28
Boony,Ranscombe,branscombe54@marketwatch.com,M,Accounting,1953/01/29
Georgina,Gartland,ggartland55@ucoz.ru,F,Accounting,1972/12/06
Reg,Haskayne,rhaskayne56@oracle.com,M,Sales,1999/12/08
Paquito,Sancraft,psancraft57@sakura.ne.jp,M,Support,1960/01/01
Johnath,Waything,jwaything58@google.ru,F,Marketing,1979/09/09
Trstram,Gabbitas,tgabbitas59@sciencedirect.com,M,Human Resources,1975/09/04
Reeta,Dodwell,rdodwell5a@nyu.edu,F,Research and Development,1960/10/20
Tressa,Twinborough,ttwinborough5b@discovery.com,F,Product Management,1969/09/15
Jacquelyn,Harniman,jharniman5c@imgur.com,F,Research and Development,1998/08/06
Sylvan,Macilhench,smacilhench5d@macromedia.com,M,Research and Development,1951/05/24
Shaina,Revie,srevie5e@boston.com,F,Support,1997/12/04
Hendrick,Zecchii,hzecchii5f@soup.io,M,Human Resources,1980/10/18
Merwin,Wyllcocks,mwyllcocks5g@dropbox.com,M,Product Management,1963/12/05
Gunar,Hiley,ghiley5h@netscape.com,M,Marketing,1971/02/07
Angeline,McMyler,amcmyler5i@boston.com,F,Research and Development,1984/03/19
Mariejeanne,Mityushkin,mmityushkin5j@uiuc.edu,F,Product Management,1957/04/15
Inglis,Perchard,iperchard5k@telegraph.co.uk,M,Support,1968/12/24
Bronnie,Bonfield,bbonfield5l@google.pl,M,Business Development,1961/05/29
Gilbert,Barrus,gbarrus5m@wiley.com,M,Accounting,1988/12/23
Chilton,Simenon,csimenon5n@de.vu,M,Business Development,1953/03/14
Cornell,Crafts,ccrafts5o@hp.com,M,Sales,1993/08/27
Prudi,Gonet,pgonet5p@virginia.edu,F,Services,1993/02/14
Christalle,Pagon,cpagon5q@nhs.uk,F,Human Resources,1962/03/16
Ruddy,Elcock,relcock5r@google.pl,M,Sales,1987/08/13
Darla,Cannings,dcannings5s@acquirethisname.com,F,Training,1992/07/27
Kirstin,Fyldes,kfyldes5t@lycos.com,F,Legal,1981/08/13
Bess,Simoneau,bsimoneau5u@facebook.com,F,Human Resources,1987/03/04
Joya,Meier,jmeier5v@cmu.edu,F,Research and Development,1952/06/14
Rossie,Tesseyman,rtesseyman5w@adobe.com,M,Sales,1970/09/12
Noble,Weafer,nweafer5x@unblog.fr,M,Engineering,1970/05/25
Lammond,Roizin,lroizin5y@npr.org,M,Accounting,1994/02/18
Walliw,Mickelwright,wmickelwright5z@google.cn,F,Human Resources,1971/12/08
Ignazio,Isham,iisham60@miitbeian.gov.cn,M,Marketing,1982/04/27
Nichole,Brame,nbrame61@uol.com.br,M,Research and Development,1959/09/20
Anatollo,Budd,abudd62@desdev.cn,M,Training,1999/07/09
Web,Hattigan,whattigan63@narod.ru,M,Sales,1959/01/20
Lalo,Earwaker,learwaker64@4shared.com,M,Services,1963/01/15
Forrest,Binne,fbinne65@nasa.gov,M,Support,1982/06/23
Kym,Amery,kamery66@cbc.ca,F,Training,1953/06/08
Adah,Carrivick,acarrivick67@indiatimes.com,F,Human Resources,1953/11/06
Dannel,Upward,dupward68@ustream.tv,M,Marketing,1998/02/04
Alec,Rathke,arathke69@livejournal.com,M,Marketing,1985/07/13
Adey,Summerlad,asummerlad6a@nifty.com,F,Human Resources,1979/01/31
Werner,Duffan,wduffan6b@oracle.com,M,Training,1981/12/24
Shaughn,Nott,snott6c@mysql.com,M,Sales,1975/08/18
Ted,Hilling,thilling6d@slashdot.org,M,Legal,1963/07/20
Nickolas,Bonsul,nbonsul6e@wiley.com,M,Services,1997/10/03
Myrtia,Trewett,mtrewett6f@bbb.org,F,Human Resources,1983/02/02
Nolan,Eckley,neckley6g@nba.com,M,Engineering,1995/03/09
Obadias,Haylock,ohaylock6h@cocolog-nifty.com,M,Engineering,1972/08/20
Gerrie,Deem,gdeem6i@multiply.com,M,Training,1980/03/11
Vidovik,Deacock,vdeacock6j@usatoday.com,M,Human Resources,1959/06/25
Ruby,Muggeridge,rmuggeridge6k@accuweather.com,M,Services,1972/08/15
Lezley,Knowler,lknowler6l@cafepress.com,M,Legal,1986/01/03
Melany,Cornil,mcornil6m@omniture.com,F,Services,1999/06/01
Brand,Bourges,bbourges6n@dedecms.com,M,Research and Development,1957/09/27
Abelard,Vears,avears6o@craigslist.org,M,Training,1983/08/26
Lacie,Balog,lbalog6p@miibeian.gov.cn,F,Training,1956/12/15
Erastus,Cridlan,ecridlan6q@sakura.ne.jp,M,Research and Development,1988/10/28
Sig,Cretney,scretney6r@rakuten.co.jp,M,Support,1957/05/08
Moira,Moorhead,mmoorhead6s@flickr.com,F,Training,1974/04/13
Stearne,Brettle,sbrettle6t@hatena.ne.jp,M,Services,1966/01/15
Tabina,Meltetal,tmeltetal6u@livejournal.com,F,Support,1964/04/18
Horton,Engley,hengley6v@artisteer.com,M,Support,1964/06/12
Roddy,Kilshaw,rkilshaw6w@freewebs.com,M,Legal,1984/12/13
Fallon,Braddon,fbraddon6x@nih.gov,F,Support,1980/11/03
Skye,Ludlem,sludlem6y@plala.or.jp,M,Business Development,1992/08/11
Raleigh,Henningham,rhenningham6z@accuweather.com,M,Services,1995/02/24
Elissa,Steketee,esteketee70@nsw.gov.au,F,Legal,1990/04/19
Eliza,Hellwich,ehellwich71@w3.org,F,Services,1970/01/07
Amity,Littlekit,alittlekit72@sina.com.cn,F,Research and Development,1984/11/20
Kingston,Nind,knind73@webmd.com,M,Research and Development,1970/12/22
Kerstin,De Clairmont,kdeclairmont74@umich.edu,F,Research and Development,1961/03/20
Kellia,Dowty,kdowty75@icio.us,F,Legal,1994/09/03
Cassaundra,Jeandel,cjeandel76@nyu.edu,F,Marketing,1991/02/20
Minette,Semaine,msemaine77@delicious.com,F,Engineering,1994/08/10
Drusie,Sherwin,dsherwin78@cornell.edu,F,Product Management,1990/09/14
Janaya,Sausman,jsausman79@adobe.com,F,Product Management,1992/03/28
Yetta,Oakshott,yoakshott7a@china.com.cn,F,Marketing,1996/03/25
Laverne,Stokell,lstokell7b@is.gd,F,Engineering,1979/07/07
Erhart,Zapater,ezapater7c@wiley.com,M,Support,1959/03/26
Burr,Rowbottom,browbottom7d@telegraph.co.uk,M,Product Management,1964/12/28
Baron,Elix,belix7e@linkedin.com,M,Engineering,1957/08/30
Haze,Buttriss,hbuttriss7f@slate.com,M,Business Development,1981/03/22
Zorina,Misk,zmisk7g@cmu.edu,F,Human Resources,1972/01/17
Alice,Gonnely,agonnely7h@wisc.edu,F,Engineering,1954/06/19
Sheree,Cressar,scressar7i@de.vu,F,Product Management,1969/04/28
Marven,Dumbleton,mdumbleton7j@stumbleupon.com,M,Accounting,1994/06/06
Chuck,Sweeting,csweeting7k@deviantart.com,M,Sales,1994/05/21
Rozele,Keeffe,rkeeffe7l@rambler.ru,F,Engineering,1956/12/01
Waring,Faichnie,wfaichnie7m@columbia.edu,M,Marketing,1977/04/01
Star,Silwood,ssilwood7n@icio.us,F,Engineering,1990/09/18
Fax,Capner,fcapner7o@privacy.gov.au,M,Legal,1954/09/18
Kandy,Mulles,kmulles7p@prweb.com,F,Human Resources,1998/02/25
Josie,Hinchshaw,jhinchshaw7q@hibu.com,F,Research and Development,1972/01/25
Gregor,Fabbri,gfabbri7r@google.co.uk,M,Legal,1999/11/02
Robena,Mussotti,rmussotti7s@stumbleupon.com,F,Sales,1977/05/16
Fidel,Isacoff,fisacoff7t@amazon.de,M,Support,1981/07/29
Ardeen,Natalie,anatalie7u@networkadvertising.org,F,Training,1967/11/13
Chicky,Affuso,caffuso7v@wsj.com,M,Accounting,1998/07/04
Bill,Oriel,boriel7w@addtoany.com,F,Product Management,1959/11/07
Siward,McKeurton,smckeurton7x@imgur.com,M,Support,1961/12/08
Huntington,Rime,hrime7y@buzzfeed.com,M,Services,1987/04/21
Adrian,Startin,astartin7z@soundcloud.com,M,Legal,1987/10/02
Harris,Harmstone,hharmstone80@netvibes.com,M,Sales,1969/07/17
Daria,Spurling,dspurling81@altervista.org,F,Support,1975/07/03
Herbie,Degan,hdegan82@t-online.de,M,Services,1957/11/20
Clea,Dollard,cdollard83@rakuten.co.jp,F,Product Management,1980/09/08
Isiahi,Murname,imurname84@opera.com,M,Sales,1952/02/13
Ulrich,Songust,usongust85@gizmodo.com,M,Engineering,1992/07/22
Lissie,McBryde,lmcbryde86@upenn.edu,F,Support,1986/12/06
Aleksandr,Eyton,aeyton87@toplist.cz,M,Training,1992/08/21
Rockie,Favill,rfavill88@issuu.com,M,Human Resources,1956/02/16
Aluino,Hinchcliffe,ahinchcliffe89@pinterest.com,M,Accounting,1967/11/26
Dorothee,Ladson,dladson8a@wordpress.com,F,Legal,1997/02/17
Papageno,Gurden,pgurden8b@goo.ne.jp,M,Business Development,1950/04/13
Florance,Woolaghan,fwoolaghan8c@newsvine.com,F,Human Resources,1997/11/20
Amerigo,Poulney,apoulney8d@pinterest.com,M,Accounting,1977/06/12
Delmore,Jeannon,djeannon8e@4shared.com,M,Accounting,1961/06/29
Marissa,Guidera,mguidera8f@exblog.jp,F,Accounting,1988/10/21
Peria,Wormstone,pwormstone8g@angelfire.com,F,Business Development,1991/06/12
Marcus,Di Claudio,mdiclaudio8h@istockphoto.com,M,Human Resources,1967/08/04
Cobby,Tiller,ctiller8i@nba.com,M,Accounting,1970/03/14
Case,Kench,ckench8j@home.pl,M,Support,1994/07/11
Lulita,Burnyeat,lburnyeat8k@foxnews.com,F,Accounting,1987/11/18
Kacie,Denisot,kdenisot8l@arstechnica.com,F,Product Management,1966/01/05
Guthry,Murden,gmurden8m@comsenz.com,M,Support,1956/10/22
Reba,Wrathmell,rwrathmell8n@liveinternet.ru,F,Marketing,1957/06/16
Harald,Shottin,hshottin8o@i2i.jp,M,Business Development,1975/07/04
Tawsha,Gabitis,tgabitis8p@altervista.org,F,Business Development,1952/03/30
Opaline,Gehring,ogehring8q@wix.com,F,Research and Development,1953/08/28
Ronica,Rickell,rrickell8r@skyrock.com,F,Human Resources,1989/05/28
Inglebert,Harlowe,iharlowe8s@nih.gov,M,Business Development,1966/02/07
Dalt,Treend,dtreend8t@delicious.com,M,Research and Development,1965/03/22
Justina,Hele,jhele8u@princeton.edu,F,Business Development,1969/06/07
Weidar,McCuaig,wmccuaig8v@wikipedia.org,M,Research and Development,1993/05/19
Bent,Merryfield,bmerryfield8w@about.me,M,Human Resources,1979/08/04
Blake,Julien,bjulien8x@columbia.edu,M,Research and Development,1998/08/27
Trish,Geri,tgeri8y@auda.org.au,F,Services,1970/09/07
Kingston,Corby,kcorby8z@bloomberg.com,M,Support,1952/04/22
Syman,Kamenar,skamenar90@dedecms.com,M,Accounting,1988/08/21
Sergei,Thirlwall,sthirlwall91@unesco.org,M,Engineering,1969/10/29
Gage,Pampling,gpampling92@shinystat.com,M,Marketing,1985/03/22
Noach,Leggett,nleggett93@myspace.com,M,Human Resources,1969/07/07
Godiva,Joust,gjoust94@domainmarket.com,F,Training,1984/10/14
Ossie,France,ofrance95@wikispaces.com,M,Support,1968/03/21
Ansel,Kilbourne,akilbourne96@google.co.uk,M,Training,1995/08/22
Hermia,Alleway,halleway97@dailymail.co.uk,F,Human Resources,1962/09/13
Riane,MacKettrick,rmackettrick98@narod.ru,F,Business Development,1988/10/07
Nathanil,Polon,npolon99@ihg.com,M,Engineering,1958/12/06
Randolph,Jozaitis,rjozaitis9a@patch.com,M,Business Development,1982/09/23
Ines,Ambage,iambage9b@amazon.co.jp,F,Training,1974/07/17
Roxie,Geely,rgeely9c@typepad.com,F,Legal,1978/11/15
Lorene,Bohje,lbohje9d@storify.com,F,Business Development,1988/04/27
Shana,Paulusch,spaulusch9e@spotify.com,F,Marketing,1964/11/01
Dirk,Addlestone,daddlestone9f@disqus.com,M,Marketing,1952/12/26
Angil,Eble,aeble9g@histats.com,F,Product Management,1980/03/31
Latrina,Kopecka,lkopecka9h@sfgate.com,F,Business Development,1983/01/22
Verile,Hurle,vhurle9i@quantcast.com,F,Business Development,1996/10/18
Lothario,Bane,lbane9j@yahoo.com,M,Support,1982/02/20
Patience,Duffield,pduffield9k@unblog.fr,F,Research and Development,1992/02/05
Cordie,Fidilis,cfidilis9l@hud.gov,M,Services,1965/11/13
Maria,Gensavage,mgensavage9m@prnewswire.com,F,Accounting,1969/09/28
Aurore,Slaten,aslaten9n@topsy.com,F,Business Development,1981/07/23
Glenn,Coche,gcoche9o@xinhuanet.com,M,Accounting,1972/05/27
Janaya,Egarr,jegarr9p@boston.com,F,Accounting,1997/12/15
Carri,Strainge,cstrainge9q@webeden.co.uk,F,Human Resources,1989/03/25
Stearn,Methley,smethley9r@xrea.com,M,Support,1993/04/06
Nataline,Goodhall,ngoodhall9s@goo.gl,F,Support,1981/11/15
Webster,Boadby,wboadby9t@feedburner.com,M,Sales,1999/04/01
Ramona,Moogan,rmoogan9u@hud.gov,F,Business Development,1956/06/04
Berky,Silver,bsilver9v@tiny.cc,M,Training,1952/06/18
Caryn,Jerrams,cjerrams9w@de.vu,F,Product Management,1976/02/20
Jackqueline,Giral,jgiral9x@weather.com,F,Engineering,1999/11/27
Gale,Fulmen,gfulmen9y@google.de,M,Human Resources,1968/10/05
Nicky,Shave,nshave9z@is.gd,F,Research and Development,1953/04/01
Torre,Davidovich,tdavidovicha0@oaic.gov.au,M,Business Development,1979/11/04
Vanessa,Borrel,vborrela1@china.com.cn,F,Engineering,1968/04/15
Samantha,Plumer,splumera2@posterous.com,F,Services,1985/12/04
Rozina,Esmonde,resmondea3@github.io,F,Support,1982/10/12
Alfonse,Millam,amillama4@opera.com,M,Human Resources,1967/03/28
Thaine,Millard,tmillarda5@twitter.com,M,Human Resources,1963/07/27
Mariellen,Maroney,mmaroneya6@eventbrite.com,F,Training,1983/02/12
Thaxter,Tierny,ttiernya7@nydailynews.com,M,Human Resources,1993/09/03
Britney,Menhenitt,bmenhenitta8@amazon.co.jp,F,Accounting,1962/01/14
Kayla,Kordt,kkordta9@mozilla.org,F,Services,1982/03/07
Mirabel,Bollam,mbollamaa@va.gov,F,Support,1959/04/30
Shelley,Willans,swillansab@51.la,M,Marketing,1980/03/01
Lilian,Grastye,lgrastyeac@uiuc.edu,F,Human Resources,1963/12/23
Clyve,Merner,cmernerad@google.com,M,Training,1989/10/25
Ameline,Spoor,aspoorae@yellowpages.com,F,Human Resources,1963/03/10
Burr,Kubasek,bkubasekaf@oracle.com,M,Human Resources,1958/03/01
Jodee,Britney,jbritneyag@ezinearticles.com,F,Sales,1999/03/17
Lisabeth,Klyner,lklynerah@icq.com,F,Support,1981/09/10
Norry,Tincknell,ntincknellai@chronoengine.com,F,Human Resources,1950/02/17
Marybeth,Crockett,mcrockettaj@seattletimes.com,F,Accounting,1966/05/28
Anabal,Luck,aluckak@zdnet.com,F,Product Management,1992/06/06
Gavrielle,Heskins,gheskinsal@g.co,F,Support,1952/10/08
Fiorenze,Jubert,fjubertam@netvibes.com,F,Engineering,1977/09/22
Gaylene,Wilbore,gwilborean@phpbb.com,F,Services,1960/05/23
Rosaline,Izkovicz,rizkoviczao@apache.org,F,Marketing,1985/04/05
Rriocard,McLese,rmcleseap@discuz.net,M,Human Resources,1998/05/06
Vincent,Juggins,vjugginsaq@discovery.com,M,Human Resources,1969/07/30
Madelyn,Forty,mfortyar@miibeian.gov.cn,F,Sales,1954/01/20
Dorotea,Penhaleurack,dpenhaleurackas@exblog.jp,F,Training,1950/05/08
Anita,Stollsteimer,astollsteimerat@nsw.gov.au,F,Product Management,1972/05/02
Nevin,Bowra,nbowraau@nature.com,M,Human Resources,1951/03/09
Fran,Swalough,fswaloughav@state.tx.us,M,Sales,1998/03/03
Demetrius,Hackford,dhackfordaw@live.com,M,Accounting,1951/10/27
Raquel,Porter,rporterax@java.com,F,Support,1981/07/14
Reinaldos,Abramowsky,rabramowskyay@sogou.com,M,Legal,1968/04/06
Layney,Dumphries,ldumphriesaz@myspace.com,F,Engineering,1970/09/19
Elyssa,Jeanel,ejeanelb0@washington.edu,F,Support,1982/02/08
Thane,Hurlin,thurlinb1@berkeley.edu,M,Engineering,1993/02/02
Letisha,Bann,lbannb2@imdb.com,F,Legal,1950/12/19
Norene,Clowton,nclowtonb3@smh.com.au,F,Training,1996/09/25
Alberik,Ackers,aackersb4@ning.com,M,Human Resources,1985/04/01
Rudiger,Smeal,rsmealb5@auda.org.au,M,Sales,1962/01/18
Aubrey,Gun,agunb6@theglobeandmail.com,F,Services,1979/10/17
Elianora,Mayman,emaymanb7@jugem.jp,F,Support,1990/02/03
Suzanne,Duffree,sduffreeb8@sohu.com,F,Engineering,1968/03/22
Michel,Le Batteur,mlebatteurb9@mail.ru,M,Human Resources,1967/04/04
Bernie,Squeers,bsqueersba@dyndns.org,M,Services,1986/11/23
Shaina,MacDuff,smacduffbb@xrea.com,F,Support,1951/12/06
Edna,Ceeley,eceeleybc@xinhuanet.com,F,Accounting,1980/10/18
Delly,Guinan,dguinanbd@shutterfly.com,F,Human Resources,1963/06/28
Logan,Furtado,lfurtadobe@auda.org.au,M,Accounting,1989/04/20
Lilyan,Antrim,lantrimbf@opensource.org,F,Research and Development,1954/12/16
Timotheus,Dulin,tdulinbg@nih.gov,M,Product Management,1974/06/05
Clement,Mellodey,cmellodeybh@deliciousdays.com,M,Support,1992/03/02
Terrel,Turtle,tturtlebi@creativecommons.org,M,Human Resources,1999/06/05
Amalee,Vignal,avignalbj@eepurl.com,F,Services,1964/02/13
Ezekiel,Jeskins,ejeskinsbk@theatlantic.com,M,Research and Development,1990/10/17
Ardelia,Ballentime,aballentimebl@feedburner.com,F,Services,1952/06/02
Daffi,Rissen,drissenbm@opera.com,F,Training,1977/10/16
Vinnie,Pedrozzi,vpedrozzibn@ocn.ne.jp,F,Research and Development,1978/03/28
Kingston,Graveney,kgraveneybo@instagram.com,M,Accounting,1980/01/28
Francklyn,Cranmere,fcranmerebp@w3.org,M,Research and Development,1967/11/26
Sean,Scopyn,sscopynbq@tamu.edu,M,Business Development,1980/05/28
Isadore,Morfett,imorfettbr@va.gov,M,Research and Development,1998/05/17
Lorelle,Cowe,lcowebs@stumbleupon.com,F,Legal,1973/04/24
Kirsten,Spedroni,kspedronibt@accuweather.com,F,Support,1972/03/01
Fielding,Lardner,flardnerbu@indiegogo.com,M,Accounting,1962/08/09
Abraham,Colliard,acolliardbv@ifeng.com,M,Services,1958/02/27
Riki,Swadlen,rswadlenbw@topsy.com,F,Product Management,1970/05/25
Francine,Whitechurch,fwhitechurchbx@icq.com,F,Engineering,1966/10/09
Debbie,Menci,dmenciby@psu.edu,F,Services,1950/08/20
Wolfy,Beardsworth,wbeardsworthbz@shutterfly.com,M,Legal,1976/07/27
Aldus,De Domenicis,adedomenicisc0@theguardian.com,M,Support,1950/05/23
Livvyy,Feasley,lfeasleyc1@twitter.com,F,Research and Development,1993/07/15
Natasha,Patrono,npatronoc2@alibaba.com,F,Accounting,1994/01/15
Harland,Clulow,hclulowc3@ca.gov,M,Legal,1963/06/19
Jodi,Service,jservicec4@amazon.de,M,Human Resources,1962/05/17
Kendell,Dragon,kdragonc5@hp.com,M,Marketing,1974/07/11
Anabel,Rosenbaum,arosenbaumc6@dion.ne.jp,F,Training,1975/04/28
Lorene,Winslow,lwinslowc7@trellian.com,F,Training,1994/02/15
Aloise,Thody,athodyc8@zdnet.com,F,Engineering,1995/05/22
Noam,Cramphorn,ncramphornc9@wikia.com,M,Marketing,1988/05/22
Ilaire,Muzzillo,imuzzilloca@phpbb.com,M,Sales,1983/06/05
Masha,De Rye Barrett,mderyebarrettcb@walmart.com,F,Research and Development,1997/10/31
Odelinda,Ribbens,oribbenscc@alexa.com,F,Legal,1955/12/16
Meade,Jollands,mjollandscd@slashdot.org,F,Legal,1990/11/14
Yanaton,Hakewell,yhakewellce@ow.ly,M,Accounting,1993/08/27
Yehudit,MacConchie,ymacconchiecf@multiply.com,M,Sales,1950/04/20
Abbi,Jackling,ajacklingcg@pcworld.com,F,Business Development,1999/01/09
Rozanna,Farland,rfarlandch@wp.com,F,Training,1992/12/13
Olympia,Newiss,onewissci@microsoft.com,F,Product Management,1969/09/21
Tina,Matzaitis,tmatzaitiscj@moonfruit.com,F,Support,1985/02/14
Valentine,Brecon,vbreconck@discovery.com,M,Human Resources,1975/08/04
Adan,Cullinane,acullinanecl@marriott.com,M,Business Development,1996/02/23
Merissa,Reichelt,mreicheltcm@ucoz.ru,F,Legal,1980/01/26
Annamaria,Lacase,alacasecn@paginegialle.it,F,Accounting,1972/01/06
Onida,Astell,oastellco@biblegateway.com,F,Support,1954/11/03
Tildy,Osinin,tosinincp@uol.com.br,F,Services,1968/04/07
Yvon,Tonbridge,ytonbridgecq@comsenz.com,M,Marketing,1955/06/24
Wenda,Brimilcome,wbrimilcomecr@shareasale.com,F,Engineering,1994/11/19
Caty,Meriet,cmerietcs@twitpic.com,F,Business Development,1972/04/11
Ruggiero,Neward,rnewardct@columbia.edu,M,Services,1996/11/15
Kyle,Forsey,kforseycu@is.gd,F,Sales,1955/11/13
Sonny,Snoxell,ssnoxellcv@ftc.gov,M,Training,1972/10/07
Phoebe,Almon,palmoncw@dell.com,F,Support,1950/01/12
Shela,Gilfoy,sgilfoycx@webs.com,F,Research and Development,1990/09/07
Aime,Tinsey,atinseycy@taobao.com,F,Engineering,1955/02/04
Rozina,Dewdney,rdewdneycz@hc360.com,F,Research and Development,1971/02/13
Malva,Arnholtz,marnholtzd0@salon.com,F,Engineering,1999/08/18
Cello,Dey,cdeyd1@angelfire.com,M,Research and Development,1981/05/09
Phillip,Megson,pmegsond2@reference.com,M,Sales,1969/08/30
Lilllie,Wingeat,lwingeatd3@hhs.gov,F,Product Management,1986/10/22
Iggy,McGrory,imcgroryd4@desdev.cn,M,Services,1955/07/24
Baxter,Blunkett,bblunkettd5@wikipedia.org,M,Accounting,1974/03/07
Octavia,Jurczik,ojurczikd6@admin.ch,F,Accounting,1999/10/24
Bordy,Kleint,bkleintd7@cocolog-nifty.com,M,Engineering,1994/10/01
Cally,Heeney,cheeneyd8@scientificamerican.com,F,Product Management,1986/10/25
Doll,Mecco,dmeccod9@exblog.jp,F,Training,1982/04/24
Berti,Daines,bdainesda@cnn.com,F,Product Management,1967/05/15
Carina,Guyton,cguytondb@apple.com,F,Marketing,1953/08/17
Haroun,Redmore,hredmoredc@jalbum.net,M,Engineering,1966/05/15
Cleavland,Camsey,ccamseydd@webnode.com,M,Engineering,1995/10/13
Cobbie,Hinder,chinderde@seattletimes.com,M,Training,1983/07/22
Eberhard,Blackman,eblackmandf@ted.com,M,Research and Development,1989/08/27
Caroline,Hardcastle,chardcastledg@globo.com,F,Engineering,1994/05/15
Christean,Carden,ccardendh@dagondesign.com,F,Product Management,1997/06/28
Alister,Everix,aeverixdi@hao123.com,M,Human Resources,1968/11/11
Lotta,Chong,lchongdj@ovh.net,F,Product Management,1972/10/08
Chuck,Garred,cgarreddk@123-reg.co.uk,M,Sales,1971/05/14
Dex,Erat,deratdl@smugmug.com,M,Human Resources,1989/09/12
Bertie,Cherrie,bcherriedm@techcrunch.com,M,Human Resources,1968/09/27
Norton,Brew,nbrewdn@wunderground.com,M,Training,1952/03/16
Christean,Tetther,ctettherdo@merriam-webster.com,F,Training,1981/04/06
Dunn,Kewley,dkewleydp@people.com.cn,M,Research and Development,1986/01/14
Eleanora,Beamont,ebeamontdq@i2i.jp,F,Services,1993/06/02
Dierdre,Leinthall,dleinthalldr@yelp.com,F,Legal,1950/11/28
Stephanus,Eilhermann,seilhermannds@bandcamp.com,M,Support,1953/12/10
Milton,Benedikt,mbenediktdt@apple.com,M,Business Development,1972/07/02
Wynn,Jolin,wjolindu@army.mil,M,Marketing,1995/01/13
Abramo,Clubb,aclubbdv@ebay.co.uk,M,Training,1990/11/28
Herrick,Messier,hmessierdw@jugem.jp,M,Sales,1985/06/26
Westley,McDuff,wmcduffdx@baidu.com,M,Marketing,1993/10/08
Mikael,Springham,mspringhamdy@wikia.com,M,Legal,1950/02/25
Clair,Reekie,creekiedz@qq.com,F,Human Resources,1967/09/26
Tobi,Laidel,tlaidele0@wikispaces.com,F,Services,1980/08/23
Cedric,Krol,ckrole1@dagondesign.com,M,Human Resources,1967/07/13
Fabian,Yvon,fyvone2@123-reg.co.uk,M,Marketing,1974/12/01
Oates,Lydiate,olydiatee3@wikimedia.org,M,Legal,1977/01/25
Orsa,Cordall,ocordalle4@free.fr,F,Services,1953/10/26
Nial,Ferrige,nferrigee5@time.com,M,Human Resources,1976/05/29
Reagen,Gresley,rgresleye6@cyberchimps.com,M,Support,1973/08/12
Nester,Matieu,nmatieue7@hao123.com,M,Human Resources,1997/03/07
Mortimer,Heasly,mheaslye8@mayoclinic.com,M,Marketing,1977/05/09
Gayleen,Edeson,gedesone9@hibu.com,F,Engineering,1992/03/09
Hugh,Ruggles,hrugglesea@ted.com,M,Legal,1981/11/21
Dylan,Niland,dnilandeb@cornell.edu,M,Research and Development,1962/09/07
Noble,Baysting,nbaystingec@about.me,M,Research and Development,1977/09/27
Brion,Danelutti,bdaneluttied@usatoday.com,M,Sales,1956/08/18
Orelee,Halgarth,ohalgarthee@opensource.org,F,Accounting,1952/10/25
Osmund,Reary,orearyef@rambler.ru,M,Research and Development,1968/06/19
Alysia,Tanzig,atanzigeg@dmoz.org,F,Business Development,1982/10/31
Kimball,Fosdick,kfosdickeh@boston.com,M,Research and Development,1994/04/24
Debee,Yanshin,dyanshinei@stanford.edu,F,Support,1951/11/13
Pansie,Aubrun,paubrunej@ustream.tv,F,Legal,1963/02/04
Roana,Withringten,rwithringtenek@wikimedia.org,F,Research and Development,1959/01/21
Neddie,Calendar,ncalendarel@list-manage.com,M,Research and Development,1992/02/25
Georgi,Basill,gbasillem@weebly.com,M,Support,1969/05/26
Roy,Ceschelli,rceschellien@usnews.com,M,Business Development,1956/08/24
Ferris,Simonnot,fsimonnoteo@seesaa.net,M,Sales,1990/11/02
Alica,Ridgway,aridgwayep@java.com,F,Product Management,1988/06/19
Clerkclaude,Eakens,ceakenseq@washington.edu,M,Support,1991/08/12
Weber,Mournian,wmournianer@webeden.co.uk,M,Sales,1966/04/01
Ardelis,Managh,amanaghes@ameblo.jp,F,Human Resources,1995/05/16
Claribel,Skilton,cskiltonet@macromedia.com,F,Services,1962/08/21
Raynor,Swain,rswaineu@prweb.com,M,Training,1957/07/24
Vitoria,Staden,vstadenev@whitehouse.gov,F,Legal,1969/01/18
Jaimie,Gerner,jgernerew@blogger.com,F,Engineering,1981/01/14
Carmella,D'Alessandro,cdalessandroex@google.ca,F,Accounting,1967/05/15
Yasmeen,Cherrie,ycherrieey@drupal.org,F,Engineering,1976/08/07
York,Mattock,ymattockez@sfgate.com,M,Legal,1960/11/19
Xaviera,Bridgen,xbridgenf0@princeton.edu,F,Training,1957/06/29
Meryl,Rafe,mrafef1@sina.com.cn,M,Services,1978/03/07
Jacquenetta,MacDavitt,jmacdavittf2@livejournal.com,F,Support,1962/07/14
Merrielle,Willbourne,mwillbournef3@vistaprint.com,F,Research and Development,1990/09/24
Roland,Lidstone,rlidstonef4@youtu.be,M,Product Management,1998/11/19
Nettie,Lestrange,nlestrangef5@nydailynews.com,F,Legal,1951/11/04
Kerwin,Broxup,kbroxupf6@digg.com,M,Business Development,1983/03/05
Alexandr,Tyne,atynef7@indiatimes.com,M,Product Management,1952/11/12
Carmen,Rickaert,crickaertf8@infoseek.co.jp,F,Marketing,1967/06/10
Elisabeth,Partleton,epartletonf9@si.edu,F,Services,1975/10/28
Mannie,Bevar,mbevarfa@com.com,M,Engineering,1966/12/07
Alessandra,Guswell,aguswellfb@flavors.me,F,Accounting,1988/03/28
Duky,Daintier,ddaintierfc@hp.com,M,Legal,1983/12/14
Avrom,Edlyn,aedlynfd@tuttocitta.it,M,Engineering,1988/07/28
Tammie,Roizn,troiznfe@mac.com,F,Support,1990/12/09
Lezley,Elnor,lelnorff@seesaa.net,M,Accounting,1970/02/07
Keelby,Beddoes,kbeddoesfg@nydailynews.com,M,Engineering,1973/12/15
Kaitlynn,Mayhew,kmayhewfh@vinaora.com,F,Sales,1974/07/17
Maje,Balkwill,mbalkwillfi@nbcnews.com,M,Legal,1963/04/23
Charlot,Callister,ccallisterfj@vkontakte.ru,F,Research and Development,1959/05/28
Willy,Piggrem,wpiggremfk@irs.gov,F,Marketing,1993/04/11
Nobe,Mullinger,nmullingerfl@lulu.com,M,Training,1974/07/26
Adam,Dixcey,adixceyfm@geocities.com,M,Engineering,1960/09/27
Sayres,Gors,sgorsfn@usda.gov,M,Marketing,1975/03/06
Nadeen,Haydon,nhaydonfo@seattletimes.com,F,Accounting,1959/09/09
Brendan,Theseira,btheseirafp@ow.ly,M,Marketing,1971/02/15
Brandon,Marten,bmartenfq@statcounter.com,M,Business Development,1983/02/21
Fritz,Ilson,filsonfr@sitemeter.com,M,Accounting,1985/11/18
Magnum,Cordingley,mcordingleyfs@studiopress.com,M,Product Management,1964/01/01
Lowrance,Oxshott,loxshottft@cargocollective.com,M,Business Development,1964/12/30
Teresita,Wenman,twenmanfu@zdnet.com,F,Research and Development,1973/10/29
Kandy,Camden,kcamdenfv@independent.co.uk,F,Legal,1955/08/26
Peter,Ladson,pladsonfw@github.com,M,Legal,1950/01/29
Alf,Pinnere,apinnerefx@samsung.com,M,Marketing,1960/11/20
Juan,Pinxton,jpinxtonfy@cornell.edu,M,Legal,1983/02/12
Ephrayim,Selbach,eselbachfz@unc.edu,M,Legal,1961/10/10
Valentina,Elijahu,velijahug0@archive.org,F,Engineering,1951/05/23
Boyce,Wetherburn,bwetherburng1@cnet.com,M,Research and Development,1952/03/02
Ambur,Scarce,ascarceg2@cbc.ca,F,Business Development,1960/08/12
Alastair,Dagless,adaglessg3@paypal.com,M,Marketing,1985/04/28
Casandra,Delmage,cdelmageg4@fema.gov,F,Services,1983/10/07
Frasier,Rolse,frolseg5@apple.com,M,Support,1951/03/14
Caron,Brum,cbrumg6@wp.com,F,Training,1990/04/13
Iseabal,Cookes,icookesg7@t-online.de,F,Business Development,1970/11/03
Hunter,Cliburn,hcliburng8@shutterfly.com,M,Marketing,1959/12/16
Ingaborg,Ingray,iingrayg9@fc2.com,F,Support,1964/01/08
Drucill,Bottinelli,dbottinelliga@youtube.com,F,Sales,1981/03/18
Otha,Larchier,olarchiergb@g.co,F,Sales,1982/04/12
Rosco,Winslade,rwinsladegc@opera.com,M,Accounting,1976/05/22
Hunt,Reynoollds,hreynoolldsgd@vkontakte.ru,M,Legal,1991/12/31
Rey,Ledster,rledsterge@dmoz.org,F,Research and Development,1957/11/23
Christian,Cloake,ccloakegf@cloudflare.com,M,Research and Development,1963/12/16
Ninon,Corstorphine,ncorstorphinegg@g.co,F,Sales,1978/01/12
Giovanna,Meconi,gmeconigh@cocolog-nifty.com,F,Support,1993/04/23
Donaugh,Tuckerman,dtuckermangi@ebay.co.uk,M,Legal,1971/08/09
Nona,Pacht,npachtgj@unicef.org,F,Human Resources,1970/06/29
Tamarra,Craven,tcravengk@wordpress.org,F,Accounting,1969/12/09
Kippy,McFetrich,kmcfetrichgl@time.com,F,Research and Development,1992/06/03
Billye,Corsor,bcorsorgm@ycombinator.com,F,Training,1952/11/13
Lew,Walder,lwaldergn@hc360.com,M,Research and Development,1977/07/23
Marillin,Papis,mpapisgo@tripod.com,F,Engineering,1960/01/06
Xenos,Domney,xdomneygp@yahoo.com,M,Marketing,1964/03/02
Ely,Jurn,ejurngq@mayoclinic.com,M,Sales,1985/12/27
Tracie,Matfield,tmatfieldgr@mtv.com,M,Sales,1994/07/29
Sandye,MacNab,smacnabgs@seesaa.net,F,Product Management,1954/01/18
Yance,Shadfourth,yshadfourthgt@dell.com,M,Training,1971/03/17
Chlo,Theriot,ctheriotgu@paypal.com,F,Product Management,1983/01/28
Zebedee,Oller,zollergv@desdev.cn,M,Business Development,1956/12/07
Mackenzie,Buss,mbussgw@bigcartel.com,M,Research and Development,1958/10/02
Haskell,Lintot,hlintotgx@google.es,M,Human Resources,1973/12/18
Sancho,Manion,smaniongy@wordpress.org,M,Legal,1967/05/20
Ogden,Devereux,odevereuxgz@google.com.au,M,Product Management,1997/05/15
Teri,Tuiller,ttuillerh0@usgs.gov,F,Marketing,1954/11/27
Keenan,Gobourn,kgobournh1@cmu.edu,M,Marketing,1967/04/09
Kira,Tolomelli,ktolomellih2@sakura.ne.jp,F,Sales,1956/04/09
Joye,Caulliere,jcaulliereh3@discovery.com,F,Marketing,1958/01/17
Auroora,Spellman,aspellmanh4@a8.net,F,Support,1957/02/02
Johan,Majury,jmajuryh5@usgs.gov,M,Sales,1985/10/14
Harlan,Medd,hmeddh6@cbc.ca,M,Research and Development,1961/09/15
Brooke,Rossander,brossanderh7@cmu.edu,F,Legal,1957/12/26
Ingelbert,Shortt,ishortth8@yandex.ru,M,Sales,1951/02/22
Dela,Lyngsted,dlyngstedh9@cbslocal.com,F,Sales,1986/02/06
Letitia,Wix,lwixha@dropbox.com,F,Training,1996/02/06
Panchito,Latan,platanhb@discuz.net,M,Product Management,1965/12/07
Nil,Deinhard,ndeinhardhc@wikia.com,M,Engineering,1984/10/12
Ulla,Sketch,usketchhd@msu.edu,F,Engineering,1961/06/30
Lishe,Gosart,lgosarthe@technorati.com,F,Services,1977/05/07
Thelma,Awmack,tawmackhf@scientificamerican.com,F,Training,1989/02/26
Elvin,Gunther,eguntherhg@yellowpages.com,M,Training,1993/08/15
Myles,Duckerin,mduckerinhh@eepurl.com,M,Services,1984/12/06
Pat,Robel,probelhi@yale.edu,M,Legal,1979/07/17
Locke,Orwin,lorwinhj@microsoft.com,M,Engineering,1975/05/22
Pietro,Hemmingway,phemmingwayhk@telegraph.co.uk,M,Support,1988/07/25
Jackie,Bromet,jbromethl@accuweather.com,F,Accounting,1950/07/04
Arni,Chappel,achappelhm@paginegialle.it,M,Research and Development,1960/03/25
Langsdon,MacDwyer,lmacdwyerhn@myspace.com,M,Engineering,1995/08/23
Bronnie,Remington,bremingtonho@blinklist.com,M,Training,1988/03/18
Anabella,Janauschek,ajanauschekhp@illinois.edu,F,Research and Development,1994/05/04
Tiffanie,Giron,tgironhq@163.com,F,Accounting,1975/03/08
Rene,Baudasso,rbaudassohr@last.fm,F,Marketing,1970/11/30
Adolphus,Babbe,ababbehs@t-online.de,M,Human Resources,1993/10/23
Terence,Hamshaw,thamshawht@salon.com,M,Legal,1999/05/05
Fredrick,Nicolls,fnicollshu@sun.com,M,Engineering,1971/05/16
Brady,Moiser,bmoiserhv@ucsd.edu,M,Support,1990/08/04
Dannie,Kenson,dkensonhw@wired.com,M,Business Development,1952/01/29
Sawyere,Reading,sreadinghx@opensource.org,M,Human Resources,1955/10/12
Marianna,Simnel,msimnelhy@youtube.com,F,Accounting,1963/07/22
Kizzie,Blann,kblannhz@businesswire.com,F,Services,1994/11/17
Jessika,Matessian,jmatessiani0@booking.com,F,Marketing,1984/07/07
Bird,Biaggelli,bbiaggellii1@hud.gov,F,Support,1999/07/06
Toiboid,Pride,tpridei2@bbc.co.uk,M,Support,1973/01/13
Dillie,Rohlfing,drohlfingi3@amazon.co.jp,M,Legal,1974/07/23
Ricki,Burdett,rburdetti4@opera.com,F,Marketing,1976/12/28
Yard,Colbeck,ycolbecki5@tuttocitta.it,M,Support,1992/07/27
Peyter,Twizell,ptwizelli6@furl.net,M,Research and Development,1984/09/08
Raff,Lowes,rlowesi7@lycos.com,M,Services,1996/04/06
Isabella,Winkworth,iwinkworthi8@yale.edu,F,Sales,1993/06/01
Julian,Halfhyde,jhalfhydei9@oracle.com,M,Business Development,1983/01/22
Seamus,Ealden,sealdenia@pcworld.com,M,Services,1985/01/07
Annamaria,Hodge,ahodgeib@icq.com,F,Business Development,1978/05/09
Chelsae,McGlaud,cmcglaudic@parallels.com,F,Sales,1967/12/20
Vale,Stanes,vstanesid@adobe.com,M,Marketing,1976/11/19
Stacia,Krol,skrolie@wikipedia.org,F,Services,1967/07/25
Bride,O' Liddy,boliddyif@surveymonkey.com,F,Product Management,1991/02/11
Dorena,Medd,dmeddig@skyrock.com,F,Product Management,1978/03/09
Marlee,Groomebridge,mgroomebridgeih@nyu.edu,F,Marketing,1986/12/15
Dilan,Awty,dawtyii@about.me,M,Human Resources,1952/07/16
Missy,Innott,minnottij@tinyurl.com,F,Services,1980/06/13
Beck,Tremeer,btremeerik@opensource.org,M,Engineering,1997/01/19
Agnese,Reinhard,areinhardil@mashable.com,F,Human Resources,1971/07/27
Lucretia,Fairbanks,lfairbanksim@state.tx.us,F,Engineering,1999/10/03
Margalit,January 1st,mjanuarystin@dmoz.org,F,Services,1974/04/13
Jacques,Brock,jbrockio@aboutads.info,M,Business Development,1992/04/10
Aeriel,Inmett,ainmettip@hubpages.com,F,Support,1952/06/22
Alejandrina,Rodliff,arodliffiq@bloglines.com,F,Training,1954/02/07
Dar,Carlisi,dcarlisiir@fda.gov,M,Support,1953/10/28
Hyacinthe,Tinner,htinneris@hugedomains.com,F,Engineering,1984/08/15
Emmalyn,Chace,echaceit@unblog.fr,F,Sales,1999/02/04
Karrah,Wordsworth,kwordsworthiu@slideshare.net,F,Marketing,1952/12/23
Fifine,Vause,fvauseiv@123-reg.co.uk,F,Human Resources,1975/07/25
Catlin,Kramer,ckrameriw@over-blog.com,F,Services,1994/07/15
Latia,Hyne,lhyneix@samsung.com,F,Marketing,1987/04/08
Rosemonde,Mulliner,rmullineriy@howstuffworks.com,F,Engineering,1971/01/04
Onfroi,Jinkin,ojinkiniz@4shared.com,M,Accounting,1952/09/06
Beverley,Matushevich,bmatushevichj0@msn.com,F,Product Management,1994/04/19
Federico,Derycot,fderycotj1@opensource.org,M,Business Development,1960/02/01
Arleyne,Coppin,acoppinj2@irs.gov,F,Business Development,1987/05/12
Elwira,Golson,egolsonj3@wunderground.com,F,Services,1959/11/07
Emmi,Wrintmore,ewrintmorej4@wordpress.com,F,Training,1961/10/05
Norean,Dennidge,ndennidgej5@de.vu,F,Product Management,1959/08/21
Noelyn,Pendrich,npendrichj6@columbia.edu,F,Services,1981/02/27
Humfried,Jaze,hjazej7@pinterest.com,M,Engineering,1994/08/04
Thedric,Paull,tpaullj8@mtv.com,M,Legal,1975/02/16
Trixi,Mattiassi,tmattiassij9@cpanel.net,F,Human Resources,1980/08/01
Sheela,Tordiffe,stordiffeja@sciencedaily.com,F,Accounting,1988/03/08
Dario,Crichmere,dcrichmerejb@squarespace.com,M,Support,1996/02/05
Aurore,Claricoats,aclaricoatsjc@gravatar.com,F,Research and Development,1989/03/10
Ashlan,Wombwell,awombwelljd@google.cn,F,Sales,1976/08/20
Chickie,O'Heaney,coheaneyje@hao123.com,M,Support,1977/02/05
Fletcher,Cornu,fcornujf@gnu.org,M,Research and Development,1992/04/22
Lowrance,Cussons,lcussonsjg@devhub.com,M,Research and Development,1979/06/09
Donnajean,McMeyler,dmcmeylerjh@chron.com,F,Human Resources,1956/11/19
Maggi,Shreeve,mshreeveji@dagondesign.com,F,Sales,1975/09/14
Annalee,Van Dalen,avandalenjj@xinhuanet.com,F,Services,1950/12/28
Danny,Dyhouse,ddyhousejk@usda.gov,M,Product Management,1963/10/09
Nariko,Dunhill,ndunhilljl@ustream.tv,F,Accounting,1956/06/18
Tommy,Brasher,tbrasherjm@tuttocitta.it,M,Training,1986/03/02
Darin,Choldcroft,dcholdcroftjn@independent.co.uk,M,Human Resources,1955/11/02
Ida,Youhill,iyouhilljo@nytimes.com,F,Human Resources,1970/07/06
Greg,Emig,gemigjp@so-net.ne.jp,M,Services,1993/02/16
Kennan,Parrish,kparrishjq@taobao.com,M,Support,1979/10/28
Myrtie,Gryglewski,mgryglewskijr@symantec.com,F,Product Management,1993/01/20
Fritz,Arrundale,farrundalejs@cnbc.com,M,Product Management,1980/11/05
Maxim,Dudman,mdudmanjt@earthlink.net,M,Marketing,1967/09/23
Finlay,Joscelin,fjoscelinju@msn.com,M,Marketing,1986/10/31
Flossi,Patrone,fpatronejv@tinypic.com,F,Legal,1958/10/21
Kennan,Apps,kappsjw@disqus.com,M,Engineering,1992/12/31
Kylila,Poetz,kpoetzjx@51.la,F,Support,1960/07/13
Piggy,Screeton,pscreetonjy@reference.com,M,Services,1992/11/01
Madelyn,Chrisp,mchrispjz@reverbnation.com,F,Marketing,1992/12/20
Reinhard,Schach,rschachk0@php.net,M,Product Management,1993/04/11
Tito,Texton,ttextonk1@chron.com,M,Human Resources,1989/02/15
Rory,Rowlings,rrowlingsk2@forbes.com,M,Support,1986/01/12
Freemon,Zuppa,fzuppak3@nasa.gov,M,Research and Development,1996/12/31
Liane,Gitthouse,lgitthousek4@last.fm,F,Training,1955/03/06
Ariel,Selwyne,aselwynek5@businessinsider.com,M,Business Development,1988/03/30
Lauritz,Gauden,lgaudenk6@businesswire.com,M,Support,1984/07/19
Germaine,Kinane,gkinanek7@is.gd,F,Marketing,1982/03/27
Ken,Loosmore,kloosmorek8@harvard.edu,M,Training,1953/01/10
Skylar,Manuele,smanuelek9@economist.com,M,Engineering,1997/04/13
Phillipp,Gasnell,pgasnellka@joomla.org,M,Product Management,1959/11/05
Marion,Robuchon,mrobuchonkb@dailymotion.com,M,Support,1980/05/27
Em,Quoit,equoitkc@freewebs.com,F,Training,1977/11/15
Oralle,Leonardi,oleonardikd@auda.org.au,F,Product Management,1974/08/06
Dwight,Eldered,delderedke@dagondesign.com,M,Product Management,1975/10/29
Ingeberg,Corsan,icorsankf@friendfeed.com,F,Training,1960/10/30
Antonin,Keiling,akeilingkg@t.co,M,Training,1974/08/24
Vasilis,Mateescu,vmateescukh@rediff.com,M,Accounting,1978/11/04
Keeley,Channer,kchannerki@webeden.co.uk,F,Sales,1954/02/09
Glenden,Connolly,gconnollykj@reference.com,M,Services,1958/07/27
Colman,Rostern,crosternkk@sun.com,M,Sales,1972/11/23
Ashleigh,Bairnsfather,abairnsfatherkl@hexun.com,F,Human Resources,1995/07/03
Maxy,Bratchell,mbratchellkm@thetimes.co.uk,M,Support,1984/06/20
Abbie,Duthie,aduthiekn@nps.gov,F,Business Development,1971/12/07
Chris,McKinlay,cmckinlayko@slideshare.net,F,Business Development,1986/10/27
Elvin,Cadalleder,ecadallederkp@ebay.co.uk,M,Research and Development,1958/12/06
Wrennie,Drysdall,wdrysdallkq@diigo.com,F,Marketing,1951/06/01
Florida,Dulson,fdulsonkr@myspace.com,F,Product Management,1990/10/24
Catarina,Easthope,ceasthopeks@kickstarter.com,F,Business Development,1963/05/02
Butch,Eltone,beltonekt@apache.org,M,Support,1966/01/23
Micheline,Girone,mgironeku@aboutads.info,F,Sales,1993/01/05
Marguerite,O'Brian,mobriankv@youtube.com,F,Support,1995/04/25
Shandie,Beynkn,sbeynknkw@theguardian.com,F,Marketing,1992/01/03
Florella,Schwieso,fschwiesokx@flickr.com,F,Support,1989/06/03
Hans,Manolov,hmanolovky@opera.com,M,Accounting,1984/09/11
Kevin,Starcks,kstarckskz@princeton.edu,M,Services,1973/04/16
Priscilla,Helbeck,phelbeckl0@hp.com,F,Services,1989/02/17
Courtnay,Cardenosa,ccardenosal1@de.vu,F,Business Development,1960/05/28
Valaria,Awcoate,vawcoatel2@wix.com,F,Support,1995/05/14
Gwenore,Frangleton,gfrangletonl3@nbcnews.com,F,Engineering,1971/11/12
Nestor,Jeff,njeffl4@hhs.gov,M,Product Management,1962/08/09
Meridith,Oby,mobyl5@eventbrite.com,F,Legal,1975/03/24
Rene,Jurczik,rjurczikl6@narod.ru,M,Accounting,1990/01/22
Jamal,Dumbare,jdumbarel7@bandcamp.com,M,Engineering,1997/01/28
Sybille,McHarry,smcharryl8@icq.com,F,Marketing,1974/04/06
Hy,Gallgher,hgallgherl9@linkedin.com,M,Research and Development,1983/07/11
Gunilla,Norcliffe,gnorcliffela@newyorker.com,F,Services,1959/07/15
Tabitha,Belfield,tbelfieldlb@wsj.com,F,Research and Development,1981/05/26
Benton,Tomaszek,btomaszeklc@imdb.com,M,Product Management,1964/01/03
Eben,Clowney,eclowneyld@purevolume.com,M,Research and Development,1969/09/29
Lorenzo,Poschel,lposchelle@techcrunch.com,M,Engineering,1998/05/25
Janel,Elvins,jelvinslf@google.pl,F,Support,1990/12/24
Peggie,Cressey,pcresseylg@illinois.edu,F,Business Development,1972/09/10
Pauly,Salthouse,psalthouselh@columbia.edu,F,Services,1969/02/25
Victoir,Roony,vroonyli@so-net.ne.jp,M,Product Management,1967/01/10
Wally,Klauer,wklauerlj@discuz.net,F,Human Resources,1978/08/28
Gabbie,Angeau,gangeaulk@behance.net,F,Business Development,1994/02/06
Benito,Raisbeck,braisbeckll@homestead.com,M,Accounting,1994/11/08
Cesar,Coutthart,ccoutthartlm@free.fr,M,Engineering,1972/08/17
Inge,Synder,isynderln@cloudflare.com,F,Human Resources,1980/09/25
Sharity,Fountian,sfountianlo@desdev.cn,F,Marketing,1950/06/01
Darrel,Spurden,dspurdenlp@rambler.ru,M,Accounting,1997/12/01
Dalt,Ridoutt,dridouttlq@ibm.com,M,Sales,1970/02/27
Fawne,Whistance,fwhistancelr@smugmug.com,F,Product Management,1977/08/30
Sydney,Costelow,scostelowls@cnbc.com,M,Human Resources,1959/04/10
Tuesday,Worsalls,tworsallslt@shinystat.com,F,Engineering,1966/05/26
Rollins,Cage,rcagelu@nasa.gov,M,Engineering,1969/01/13
Morganica,Wyche,mwychelv@dot.gov,F,Engineering,1972/02/19
Kellyann,Czajkowska,kczajkowskalw@linkedin.com,F,Training,1950/07/19
Tallia,Screach,tscreachlx@nbcnews.com,F,Legal,1976/09/13
Putnam,Arnal,parnally@newsvine.com,M,Accounting,1996/10/11
Marty,Matiewe,mmatiewelz@addthis.com,F,Business Development,1961/10/06
Esme,Coucher,ecoucherm0@geocities.jp,F,Legal,1954/12/23
Delmer,Iacobassi,diacobassim1@ustream.tv,M,Engineering,1963/02/23
Onfroi,Dalliwatr,odalliwatrm2@ftc.gov,M,Services,1958/05/06
Mufi,Sickert,msickertm3@scribd.com,F,Accounting,1983/08/16
Ellsworth,Browncey,ebrownceym4@people.com.cn,M,Research and Development,1992/11/16
Emmey,Thornley,ethornleym5@who.int,F,Services,1993/05/16
Imogene,Grouen,igrouenm6@devhub.com,F,Engineering,1959/09/11
Justin,Kerwen,jkerwenm7@amazon.de,M,Human Resources,1959/11/12
Edithe,Pinar,epinarm8@loc.gov,F,Marketing,1958/09/24
Ameline,Measor,ameasorm9@delicious.com,F,Sales,1989/12/05
Norton,Crippell,ncrippellma@flavors.me,M,Product Management,1972/03/07
Jobey,Ledington,jledingtonmb@geocities.jp,F,Business Development,1984/08/16
Hetty,Syder,hsydermc@rediff.com,F,Marketing,1950/07/08
Ansell,Wren,awrenmd@mac.com,M,Accounting,1989/08/10
Issy,Coopland,icooplandme@liveinternet.ru,F,Sales,1955/01/21
Ingunna,Fawthorpe,ifawthorpemf@opensource.org,F,Accounting,1975/06/25
Lorianne,Clemmow,lclemmowmg@youtube.com,F,Engineering,1991/05/30
Loren,Southey,lsoutheymh@youtu.be,F,Accounting,1985/07/13
Chancey,Duffie,cduffiemi@fema.gov,M,Product Management,1970/06/02
Esra,Troth,etrothmj@sun.com,M,Human Resources,1968/09/28
Marget,Bielfelt,mbielfeltmk@jimdo.com,F,Business Development,1967/06/07
Dewitt,De Banke,ddebankeml@ucla.edu,M,Marketing,1980/10/21
Hayes,Welbourn,hwelbournmm@mysql.com,M,Human Resources,1997/08/23
Parrnell,Nafziger,pnafzigermn@washingtonpost.com,M,Marketing,1967/08/30
Joane,Dickin,jdickinmo@clickbank.net,F,Services,1967/05/28
Philipa,Brasse,pbrassemp@ca.gov,F,Legal,1996/03/27
Frank,Oakeshott,foakeshottmq@paypal.com,F,Accounting,1980/07/01
Tabby,Overall,toverallmr@admin.ch,M,Legal,1996/08/20
Averill,Topes,atopesms@mtv.com,M,Business Development,1999/02/07
Marcellus,Reddington,mreddingtonmt@weibo.com,M,Support,1976/02/24
Dalenna,Throughton,dthroughtonmu@gnu.org,F,Services,1958/03/25
Cymbre,Baxill,cbaxillmv@hao123.com,F,Business Development,1998/04/21
Sandi,Lutzmann,slutzmannmw@imageshack.us,F,Accounting,1995/10/13
Mariette,Cheley,mcheleymx@wikia.com,F,Engineering,1958/01/26
Niven,Bardwell,nbardwellmy@accuweather.com,M,Human Resources,1957/07/08
Berny,Bilfoot,bbilfootmz@intel.com,M,Support,1976/12/27
Cornall,Davidou,cdavidoun0@google.nl,M,Support,1985/01/15
Lemmie,Shurman,lshurmann1@feedburner.com,M,Product Management,1955/01/22
Skyler,Surman-Wells,ssurmanwellsn2@photobucket.com,M,Product Management,1973/08/01
Mellisent,Woodard,mwoodardn3@woothemes.com,F,Accounting,1999/06/20
Herb,Bris,hbrisn4@bbc.co.uk,M,Training,1987/06/27
Arch,Arington,aaringtonn5@bloomberg.com,M,Product Management,1970/01/31
Darline,Tomlett,dtomlettn6@google.ca,F,Human Resources,1954/05/18
Dyann,Wardhough,dwardhoughn7@quantcast.com,F,Human Resources,1979/04/10
Tybalt,Wallman,twallmann8@nps.gov,M,Training,1957/09/12
Aleece,Ellings,aellingsn9@archive.org,F,Services,1983/02/19
Man,Mellmoth,mmellmothna@merriam-webster.com,M,Business Development,1963/06/02
Hermann,Beig,hbeignb@disqus.com,M,Services,1954/11/27
Ailis,Petrasek,apetraseknc@craigslist.org,F,Training,1970/08/08
Kamila,Webburn,kwebburnnd@dell.com,F,Services,1991/07/09
Burgess,Duckit,bduckitne@un.org,M,Product Management,1988/09/12
Martino,Coleyshaw,mcoleyshawnf@seattletimes.com,M,Marketing,1999/03/30
Bogey,Filochov,bfilochovng@mayoclinic.com,M,Sales,1961/12/17
Anallese,Olczyk,aolczyknh@google.co.jp,F,Training,1993/08/21
Valerye,Pollicote,vpollicoteni@so-net.ne.jp,F,Support,1963/02/27
Wallache,Haysom,whaysomnj@columbia.edu,M,Research and Development,1991/04/28
Melody,Disman,mdismannk@nyu.edu,F,Business Development,1964/12/05
Myron,Hourstan,mhourstannl@hexun.com,M,Training,1993/05/11
Trev,Bowshire,tbowshirenm@upenn.edu,M,Research and Development,1984/06/08
Paolina,Levitt,plevittnn@last.fm,F,Human Resources,1970/04/03
Maisey,De'Vere - Hunt,mdeverehuntno@ovh.net,F,Business Development,1976/11/11
Merrili,Rizon,mrizonnp@opera.com,F,Training,1994/10/01
Arabela,Rackham,arackhamnq@wufoo.com,F,Services,1999/02/12
Brigid,Cogdell,bcogdellnr@360.cn,F,Marketing,1957/10/13
Jehanna,Wabey,jwabeyns@vinaora.com,F,Research and Development,1952/11/26
Friederike,Yo,fyont@flickr.com,F,Marketing,1964/05/14
Marilin,O'Crevy,mocrevynu@squarespace.com,F,Legal,1991/05/25
Donnajean,Provost,dprovostnv@examiner.com,F,Product Management,1977/02/19
Patton,Dwelley,pdwelleynw@delicious.com,M,Marketing,1986/12/14
Vivian,Critoph,vcritophnx@youtube.com,F,Support,1987/02/09
Cookie,Beeble,cbeebleny@sbwire.com,F,Human Resources,1958/03/10
Dania,Kolakowski,dkolakowskinz@xing.com,F,Accounting,1955/01/17
Ulla,Meikle,umeikleo0@army.mil,F,Support,1965/02/11
Phoebe,Cremins,pcreminso1@smh.com.au,F,Human Resources,1951/09/26
Grete,McTear,gmctearo2@oaic.gov.au,F,Sales,1952/04/10
Marena,Milne,mmilneo3@e-recht24.de,F,Sales,1983/12/27
Udell,Faltin,ufaltino4@google.it,M,Accounting,1978/11/04
Barnett,Standage,bstandageo5@aol.com,M,Services,1950/03/21
Honor,MacMaykin,hmacmaykino6@spiegel.de,F,Marketing,1998/11/15
Delbert,Charter,dchartero7@upenn.edu,M,Product Management,1990/11/16
Dilly,Itskovitz,ditskovitzo8@phoca.cz,M,Engineering,1986/01/08
Doll,Hedges,dhedgeso9@nasa.gov,F,Research and Development,1975/01/28
Osbourn,Hawley,ohawleyoa@amazonaws.com,M,Engineering,1971/06/22
Wylie,Novotne,wnovotneob@wired.com,M,Product Management,1968/07/14
Rosalinde,Linggard,rlinggardoc@infoseek.co.jp,F,Marketing,1980/12/10
Lorraine,O'Hanlon,lohanlonod@accuweather.com,F,Engineering,1983/07/14
Dena,McGilroy,dmcgilroyoe@e-recht24.de,F,Accounting,1954/10/23
Julieta,Hanney,jhanneyof@delicious.com,F,Services,1968/07/03
Debera,Crowcombe,dcrowcombeog@uiuc.edu,F,Marketing,1986/07/13
Annadiana,Wilsee,awilseeoh@ning.com,F,Research and Development,1956/01/11
Ardis,Hagergham,ahagerghamoi@google.co.uk,F,Human Resources,1950/09/20
Hebert,Santus,hsantusoj@tumblr.com,M,Sales,1962/08/23
Oona,Zucker,ozuckerok@blogs.com,F,Sales,1952/03/15
Elena,Linnane,elinnaneol@upenn.edu,F,Engineering,1963/08/07
Weider,Tomalin,wtomalinom@samsung.com,M,Accounting,1966/06/29
Damara,Smaile,dsmaileon@soup.io,F,Accounting,1955/03/17
Rhea,Kellock,rkellockoo@themeforest.net,F,Marketing,1959/07/02
Reade,Shrawley,rshrawleyop@blog.com,M,Legal,1977/01/15
Johannah,Matiewe,jmatieweoq@ameblo.jp,F,Accounting,1978/12/21
Normie,Dockery,ndockeryor@example.com,M,Legal,1989/09/15
Darnall,Jeremiah,djeremiahos@qq.com,M,Sales,1971/01/13
Abby,Cansfield,acansfieldot@ft.com,F,Marketing,1985/02/03
Dinnie,Grunson,dgrunsonou@eepurl.com,F,Accounting,1992/07/19
Quentin,Dodshun,qdodshunov@cnet.com,M,Human Resources,1959/11/27
Fulvia,Sparway,fsparwayow@intel.com,F,Research and Development,1972/11/25
Flin,Laise,flaiseox@mashable.com,M,Research and Development,1981/11/15
Blancha,Probyn,bprobynoy@dyndns.org,F,Human Resources,1981/09/11
Pancho,Ridde,priddeoz@zdnet.com,M,Training,1959/04/01
Jacquenette,Vasiltsov,jvasiltsovp0@canalblog.com,F,Marketing,1969/10/06
Nomi,Bummfrey,nbummfreyp1@fema.gov,F,Legal,1991/07/14
Marlie,Hrishchenko,mhrishchenkop2@engadget.com,F,Business Development,1955/07/25
Chalmers,Palek,cpalekp3@cbslocal.com,M,Support,1974/12/24
Hyacinthia,Rodway,hrodwayp4@ucoz.ru,F,Sales,1960/02/04
Etta,Szantho,eszanthop5@360.cn,F,Product Management,1986/12/14
Cornall,Simmance,csimmancep6@google.ca,M,Product Management,1959/02/16
Phaidra,Binfield,pbinfieldp7@mapy.cz,F,Marketing,1974/11/17
Kathe,Fundell,kfundellp8@miitbeian.gov.cn,F,Research and Development,1968/12/27
Aurel,Robottom,arobottomp9@newyorker.com,F,Marketing,1978/10/10
Willie,Wraith,wwraithpa@bloglines.com,F,Services,1983/01/20
Corrie,Rolstone,crolstonepb@creativecommons.org,M,Legal,1972/09/24
Chlo,Kuhlmey,ckuhlmeypc@naver.com,F,Product Management,1987/09/03
Daisey,Bodycote,dbodycotepd@eventbrite.com,F,Training,1982/02/24
Paulette,Kevis,pkevispe@dailymotion.com,F,Engineering,1965/02/02
Sol,Banyard,sbanyardpf@addtoany.com,M,Human Resources,1999/12/21
Fara,Cuthbertson,fcuthbertsonpg@seesaa.net,F,Product Management,1959/08/14
Francklyn,Hrinishin,fhrinishinph@vimeo.com,M,Support,1975/07/25
Seka,Berends,sberendspi@amazon.com,F,Services,1993/12/13
Paulie,Oland,polandpj@webmd.com,M,Product Management,1975/01/23
Binky,Yves,byvespk@ucsd.edu,M,Training,1984/04/20
Worthington,McGready,wmcgreadypl@admin.ch,M,Engineering,1991/12/22
Manda,Trillo,mtrillopm@youtube.com,F,Accounting,1979/08/02
Brnaby,Marchand,bmarchandpn@redcross.org,M,Product Management,1961/12/10
Lemuel,Siddall,lsiddallpo@whitehouse.gov,M,Accounting,1985/12/23
Son,Marrow,smarrowpp@bing.com,M,Engineering,1962/01/30
Kaela,Willoughby,kwilloughbypq@usa.gov,F,Sales,1950/10/25
Napoleon,Cavie,ncaviepr@tinyurl.com,M,Services,1957/02/06
Grannie,Ubsdall,gubsdallps@comcast.net,M,Training,1997/10/06
Paulina,Heasly,pheaslypt@reference.com,F,Product Management,1985/04/02
Nicole,Antony,nantonypu@nih.gov,F,Accounting,1953/09/09
Ambros,Attenbrough,aattenbroughpv@cargocollective.com,M,Support,1980/03/11
Cynde,Fasset,cfassetpw@hp.com,F,Marketing,1974/11/30
Lem,Rosenblum,lrosenblumpx@printfriendly.com,M,Business Development,1989/04/19
Dion,L'Hommeau,dlhommeaupy@cnn.com,M,Engineering,1970/10/07
Aveline,Winfred,awinfredpz@issuu.com,F,Sales,1986/06/11
Yul,Hannigane,yhanniganeq0@usnews.com,M,Business Development,1994/07/20
Wernher,Saynor,wsaynorq1@privacy.gov.au,M,Accounting,1964/05/01
Eilis,Huyche,ehuycheq2@domainmarket.com,F,Marketing,1963/08/20
Tiffani,Embury,temburyq3@delicious.com,F,Marketing,1964/08/26
Damian,Abramamovh,dabramamovhq4@soup.io,M,Marketing,1985/08/04
Lelah,Reskelly,lreskellyq5@themeforest.net,F,Accounting,1951/06/15
Laurens,Fadell,lfadellq6@tumblr.com,M,Services,1987/06/04
Harvey,Sexton,hsextonq7@github.com,M,Sales,1991/02/15
Kathie,Hardan,khardanq8@e-recht24.de,F,Services,1999/08/06
Nelie,Newdick,nnewdickq9@businessweek.com,F,Services,1995/05/29
Nikola,Ruckman,nruckmanqa@spotify.com,M,Accounting,1952/05/12
Seka,Le Brum,slebrumqb@webnode.com,F,Sales,1960/11/07
Town,Mulvenna,tmulvennaqc@cyberchimps.com,M,Research and Development,1968/06/09
Alvan,Judron,ajudronqd@washington.edu,M,Research and Development,1954/09/29
Flem,Staterfield,fstaterfieldqe@networkadvertising.org,M,Training,1992/03/14
Estella,Sagg,esaggqf@icq.com,F,Marketing,1999/04/23
Lisabeth,Hulland,lhullandqg@telegraph.co.uk,F,Business Development,1997/05/23
Gaylord,Reder,grederqh@twitter.com,M,Product Management,1965/12/08
Iorgos,Goodman,igoodmanqi@soundcloud.com,M,Accounting,1967/06/26
Raff,Waszczyk,rwaszczykqj@google.ca,M,Training,1954/06/07
Veronika,Bleue,vbleueqk@nsw.gov.au,F,Services,1972/11/21
Tristam,Butland,tbutlandql@nifty.com,M,Business Development,1969/02/21
Cecile,Giovannazzi,cgiovannazziqm@fc2.com,F,Legal,1987/09/15
Alexa,Gronw,agronwqn@trellian.com,F,Training,1964/05/05
Cad,Riseley,criseleyqo@ucoz.ru,M,Legal,1970/01/16
Roselin,Badland,rbadlandqp@yahoo.co.jp,F,Product Management,1980/05/21
Udell,Syphus,usyphusqq@dailymotion.com,M,Services,1975/07/08
Ancell,Ximenez,aximenezqr@berkeley.edu,M,Accounting,1958/09/20
Jamesy,Coatman,jcoatmanqs@creativecommons.org,M,Training,1981/10/29
Hilly,Hawkswood,hhawkswoodqt@examiner.com,M,Services,1982/08/15
Sal,Drinkhall,sdrinkhallqu@fema.gov,F,Sales,1958/03/08
Ardys,Dullard,adullardqv@adobe.com,F,Business Development,1973/03/11
Mattie,Innocenti,minnocentiqw@bizjournals.com,M,Accounting,1962/03/11
Gabi,Perillo,gperilloqx@oakley.com,F,Research and Development,1993/01/13
Pietra,Malenfant,pmalenfantqy@usatoday.com,F,Sales,1967/06/30
Loella,Do Rosario,ldorosarioqz@independent.co.uk,F,Sales,1955/08/01
Trace,Oven,tovenr0@behance.net,M,Research and Development,1983/02/11
Emilie,Moreman,emoremanr1@hao123.com,F,Marketing,1964/11/30
Gabbie,Farlambe,gfarlamber2@princeton.edu,M,Training,1961/07/06
Grantley,Rentalll,grentalllr3@usnews.com,M,Accounting,1998/07/19
Tedi,Haccleton,thaccletonr4@vinaora.com,F,Research and Development,1976/08/08
Tessie,Whitwell,twhitwellr5@ox.ac.uk,F,Research and Development,1976/08/06
Denny,Gauvain,dgauvainr6@booking.com,M,Accounting,1979/05/22
Carolyne,Whitbread,cwhitbreadr7@stumbleupon.com,F,Marketing,1954/03/11
Fannie,Kamall,fkamallr8@weibo.com,F,Product Management,1980/06/14
Alyosha,Mallan,amallanr9@columbia.edu,M,Services,1972/07/02
Zachery,Barwick,zbarwickra@tinyurl.com,M,Product Management,1959/03/23
Elane,Darrigoe,edarrigoerb@newsvine.com,F,Sales,1955/11/19
Korella,Camplen,kcamplenrc@columbia.edu,F,Product Management,1955/10/22
Jojo,Cone,jconerd@naver.com,F,Business Development,1964/07/21
Jule,Van Der Straaten,jvanderstraatenre@shop-pro.jp,M,Legal,1967/06/20
Maren,Adamides,madamidesrf@jimdo.com,F,Legal,1971/11/05
Sidonia,Blakely,sblakelyrg@state.gov,F,Services,1980/01/09
Daniel,Lodge,dlodgerh@stumbleupon.com,M,Sales,1961/07/13
Dion,Sockell,dsockellri@yandex.ru,F,Product Management,1954/10/21
Siana,Chagg,schaggrj@who.int,F,Product Management,1994/04/27
Clywd,Mc Caughen,cmccaughenrk@de.vu,M,Marketing,1961/11/07
Sonnie,Goodhew,sgoodhewrl@house.gov,F,Support,1988/08/28
Travers,Sackett,tsackettrm@phpbb.com,M,Training,1965/10/28
Mufi,Boribal,mboribalrn@europa.eu,F,Research and Development,1999/05/22
Shelagh,Oles,solesro@ycombinator.com,F,Business Development,1990/10/10
Val,Tampling,vtamplingrp@zimbio.com,F,Product Management,1993/12/30
Eddie,Georgel,egeorgelrq@cpanel.net,M,Research and Development,1958/05/10
Jefferson,Meddick,jmeddickrr@cpanel.net,M,Support,1978/08/02